Word,Max,Expected,Median,25th Perc,75th Perc
CLOTS,108,34.804769001490314,24.0,11.0,55.0
PLOTS,115,35.785394932935915,22.0,11.0,50.0
STOLN,107,36.417287630402384,29.0,15.0,45.0
COLTS,131,36.60804769001491,23.0,13.0,40.0
POLTS,131,37.14605067064083,23.0,12.0,50.0
MOLTS,129,37.34128166915052,25.0,13.0,42.0
SLOTH,121,37.40685543964233,26.0,11.0,48.0
BLOTS,111,38.14903129657228,30.0,13.0,53.0
SMOLT,112,38.254843517138596,31.0,13.0,51.0
CLONS,110,38.28315946348733,33.0,12.0,56.0
HOLTS,138,38.69150521609538,23.0,11.0,49.0
LUNTS,123,38.89865871833085,24.0,13.0,64.0
BOLTS,133,39.68554396423249,25.0,14.0,53.0
LOUTS,137,39.73472429210134,23.0,12.0,61.0
CULTS,139,40.1177347242921,24.0,12.0,60.0
TOLUS,137,40.521609538002984,24.0,15.0,64.0
CLOUS,105,40.7585692995529,36.0,12.0,69.0
CLOPS,123,41.28017883755589,27.0,11.25,61.0
NOULS,131,41.48882265275708,27.0,14.0,62.0
LOTUS,137,41.82861400894188,30.0,14.0,64.0
LOUNS,131,41.845007451564825,28.0,14.0,62.0
STONY,124,41.968703427719824,33.0,14.0,59.0
PONTS,140,42.25037257824143,22.0,12.0,55.0
SONLY,148,42.90163934426229,28.0,13.0,61.0
SLOPY,144,43.57228017883756,24.0,10.0,58.0
HOLMS,144,44.41132637853949,29.0,14.0,54.0
MOULS,143,44.51415797317436,25.0,14.0,66.0
TOUNS,146,44.52757078986587,26.0,10.0,63.0
KNOTS,112,44.64381520119225,31.0,13.0,82.0
PHOTS,137,44.85245901639344,25.0,13.0,77.0
CLOGS,120,44.923994038748134,38.0,13.0,75.0
MUONS,116,45.06259314456036,32.0,10.25,75.0
POLKS,131,45.14903129657228,28.0,15.0,63.0
BLOCS,122,45.24590163934426,34.0,13.0,72.0
LOUPS,148,45.296572280178836,26.0,13.0,68.0
SNOUT,114,45.378539493293594,34.0,15.0,77.0
SULPH,138,45.54843517138599,30.0,13.0,72.0
STOUN,114,45.60804769001491,34.0,17.0,77.0
SHULN,126,45.69001490312966,29.0,16.0,68.0
GLUTS,140,45.84202682563338,27.0,14.0,76.0
HOLKS,136,45.88077496274217,33.0,16.0,61.0
CLOYS,135,45.96274217585693,27.0,15.0,68.0
GLOPS,128,46.07451564828614,41.0,12.0,62.0
PYOTS,146,46.20864381520119,25.0,11.0,69.0
PHONS,138,46.336810730253355,33.0,12.0,77.0
THOUS,115,46.34277198211625,28.0,13.0,88.0
PUNTS,155,46.38450074515648,25.0,12.0,59.0
POUTS,158,46.438152011922504,21.0,11.0,80.0
STULM,134,46.499254843517136,37.0,17.0,68.0
LOCUS,146,46.55439642324888,30.0,13.0,69.0
TONUS,146,46.582712369597616,23.0,13.0,77.0
PLOYS,143,46.60953800298063,30.0,12.0,71.0
SHOUT,122,46.73323397913562,35.0,13.0,81.0
TONKS,132,46.7779433681073,32.0,13.0,74.0
SPOUT,124,46.801788375558864,37.0,16.0,74.0
STOUP,124,46.87183308494784,37.0,17.0,74.0
LOCHS,149,46.968703427719824,30.0,13.0,62.0
GLOMS,119,47.00447093889717,43.0,14.0,75.0
LOFTS,145,47.06408345752608,31.0,15.0,61.0
SCOUT,121,47.114754098360656,34.5,17.0,77.0
STOGY,141,47.131147540983605,39.0,15.0,58.0
KOHLS,136,47.16542473919523,33.0,21.0,61.0
SULKY,142,47.31147540983606,40.0,14.0,67.0
CUNTS,160,47.499254843517136,28.0,11.0,72.75
GOLPS,149,47.622950819672134,29.0,14.0,76.75
PULKS,141,47.788375558867365,34.0,13.0,57.0
TOUKS,143,47.99701937406856,29.0,15.0,70.0
LONGS,144,48.23845007451565,34.0,15.0,61.0
CHONS,136,48.26229508196721,36.0,12.0,86.0
STONK,117,48.29806259314456,37.0,14.0,74.0
CULMS,155,48.50670640834575,29.0,14.0,67.0
SMOUT,118,48.602086438152014,38.0,17.0,81.0
BOLUS,151,48.61698956780924,29.0,17.0,67.0
STOMP,133,48.75260804769002,40.0,17.0,67.0
GOUTS,160,48.91952309985097,25.0,12.0,86.0
HULKS,143,49.007451564828614,34.0,13.0,65.0
BOUTS,161,49.20119225037258,24.0,12.0,89.0
HOUTS,162,49.26229508196721,22.0,10.0,88.0
LUMPS,150,49.357675111773474,33.0,12.0,65.0
NOUPS,159,49.421758569299556,28.0,13.0,78.0
HUNTS,164,49.424739195231,24.0,12.0,79.0
MUNTS,165,49.44560357675112,25.0,14.0,70.0
TOPHS,160,49.59761549925484,26.0,15.0,86.0
LUNKS,141,49.622950819672134,31.0,14.0,72.0
MOYLS,165,49.62891207153502,32.0,14.0,58.0
TONGS,155,49.661698956780924,38.0,12.0,88.0
SOLUM,151,49.704918032786885,30.0,19.0,68.0
LOWTS,147,49.767511177347245,34.0,16.0,88.0
LOCKS,141,49.810730253353206,39.0,13.0,72.0
POLYS,169,49.85692995529061,28.0,12.0,66.0
TOCKS,147,50.02682563338301,35.5,16.0,77.0
GULPS,154,50.04023845007452,35.0,13.0,69.0
MOLYS,165,50.050670640834575,32.0,14.0,58.0
LOBUS,151,50.089418777943365,30.0,17.0,67.0
MOTHS,159,50.1371087928465,29.0,14.0,85.0
STONG,136,50.37108792846498,41.0,16.0,65.0
BLOGS,129,50.57675111773472,51.0,13.0,75.0
KNOPS,130,50.578241430700444,36.0,14.0,78.0
YOLKS,158,50.58569299552906,42.0,14.0,72.0
PLUMS,150,50.64977645305514,33.0,14.0,79.0
STOCK,125,50.68852459016394,40.0,15.0,77.0
GLOBS,129,50.722801788375556,51.0,14.0,75.0
BUHLS,158,50.73621460506706,43.0,17.0,64.0
GLOST,130,50.76154992548435,46.0,16.0,83.0
COTHS,162,50.83308494783905,30.0,10.5,90.0
MOTUS,156,50.89269746646796,28.0,13.0,79.0
CONUS,158,50.912071535022356,25.0,14.0,85.0
SOUTH,163,50.95230998509687,27.0,11.0,94.0
SCULP,143,51.11177347242921,36.0,15.0,84.0
TOOLS,165,51.15126676602087,35.0,22.0,71.0
TOMBS,154,51.24292101341282,35.0,14.0,85.0
SOUCT,162,51.36810730253353,34.0,10.0,96.0
LOOTS,165,51.43219076005961,37.0,24.0,71.0
BUNTS,165,51.478390461997016,28.0,13.0,82.0
CHOPS,150,51.645305514157975,30.0,12.0,93.0
FONTS,152,51.804769001490314,28.0,14.0,91.0
FLOPS,137,51.82861400894188,47.0,13.0,81.0
COUPS,171,51.84202682563338,24.5,12.0,84.0
PONKS,150,51.89865871833085,34.0,14.0,83.0
HOTLY,164,51.912071535022356,41.0,14.0,70.0
SLUNK,138,51.986587183308494,32.0,18.0,95.0
GOTHS,166,52.06110283159463,34.0,13.5,87.0
FLOCS,134,52.110283159463485,43.0,14.0,79.0
SCOUP,136,52.189269746646794,44.0,19.0,73.0
SLOOT,147,52.20566318926975,46.0,19.0,71.0
LUNGS,154,52.28912071535022,31.0,13.0,71.0
SLUMP,141,52.34575260804769,33.5,18.0,97.0
SHLUB,144,52.49180327868852,35.0,22.0,80.0
STYLO,174,52.578241430700444,34.0,18.0,60.0
SHUNT,156,52.582712369597616,29.5,14.0,100.0
BOUNS,163,52.64828614008942,31.0,13.25,89.0
CLUBS,163,53.150521609538,32.0,15.0,81.75
SMOKY,146,53.156482861400896,43.0,17.0,78.0
JOLTS,154,53.26527570789866,31.0,22.0,86.0
CULTY,169,53.277198211624444,40.0,14.0,68.0
PLUGS,154,53.38152011922504,33.0,13.0,89.0
CLOWS,135,53.439642324888226,44.0,16.0,100.0
MONKS,146,53.49478390461997,37.0,16.0,79.0
HONKS,157,53.61400894187779,31.0,14.0,90.0
POUKS,160,53.74068554396423,33.0,13.0,75.0
FOULS,159,53.93591654247392,32.0,17.0,77.0
TUMPS,172,54.01490312965723,30.0,11.0,72.0
LUSTY,184,54.08047690014903,33.0,14.0,65.0
SLOTS,147,54.18628912071535,40.0,19.0,76.0
LOTOS,165,54.267511177347245,39.0,19.0,90.0
YMOLT,147,54.49180327868852,51.0,18.0,69.0
LUCKS,157,54.49180327868852,37.0,14.0,81.0
MOUPS,169,54.49329359165425,29.0,12.0,84.0
TUNGS,167,54.54545454545455,32.0,13.0,82.0
PHUTS,173,54.76005961251863,25.0,11.0,96.0
SWOLN,140,54.82116244411326,41.5,19.0,108.0
COMPS,170,54.992548435171386,35.0,12.0,92.0
CHOGS,149,55.049180327868854,41.0,13.0,95.0
STOOL,147,55.057377049180324,44.0,26.0,71.0
BULKS,162,55.071535022354695,43.0,15.25,73.0
NOWLS,148,55.09538002980626,39.0,21.0,96.0
KNUTS,161,55.12518628912071,34.0,14.0,84.0
BONUS,163,55.16244411326379,29.0,17.0,93.0
PLOWS,140,55.25931445603577,45.0,14.0,100.0
LOWNS,148,55.28614008941878,39.0,20.0,96.0
SLUNG,148,55.58420268256334,35.0,16.0,107.0
WONTS,152,55.789865871833086,35.0,16.0,106.0
GLUMS,159,55.827123695976155,36.0,16.0,88.0
MYOPS,164,56.12220566318927,34.0,12.0,95.0
PONGS,173,56.12816691505216,34.0,14.0,91.0
TUCKS,170,56.15797317436662,36.0,14.25,72.0
COWLS,161,56.16542473919523,39.0,16.0,100.0
SOFTY,181,56.26080476900149,49.0,12.0,79.0
BHUTS,176,56.30253353204173,23.5,17.0,97.0
LOONS,163,56.33532041728763,42.0,23.0,75.0
CHUTS,175,56.35618479880775,29.0,11.0,95.0
KOPHS,165,56.41281669150521,38.0,16.0,86.0
COMUS,170,56.417287630402384,32.0,12.0,86.0
SHTUP,161,56.459016393442624,33.0,13.0,90.0
VOLTS,165,56.582712369597616,34.0,23.0,88.0
MONGS,167,56.61698956780924,35.0,15.0,87.0
SCOUG,135,56.63636363636363,45.0,20.0,82.0
FOLKS,142,56.63636363636363,46.0,19.0,79.0
NOWTS,152,56.6467958271237,35.0,16.5,106.0
POCKS,167,56.912071535022356,38.0,14.0,88.0
TOWNS,152,56.93889716840537,39.0,17.0,106.0
SPLOG,151,56.95529061102832,42.0,17.0,90.0
CONKS,160,56.97764530551416,50.0,10.0,95.0
PUNKS,171,57.008941877794335,31.0,14.0,75.0
SHOYU,133,57.06259314456036,54.0,19.0,89.25
BUOYS,145,57.10134128166915,43.0,15.0,104.0
SWOPT,146,57.150521609538,52.0,16.0,102.0
THUGS,170,57.274217585692995,30.0,14.0,102.0
FLOBS,139,57.299552906110286,52.0,15.0,91.0
HOWLS,164,57.35618479880775,38.0,18.0,101.0
SOTOL,170,57.36363636363637,42.0,24.0,95.0
KNOBS,132,57.399403874813714,55.0,13.0,97.0
NOLOS,163,57.47391952309985,41.0,23.0,97.0
SCULK,152,57.48286140089419,37.0,15.0,101.0
SCHUL,146,57.63934426229508,38.5,22.0,95.0
HONGS,180,57.88375558867362,33.0,14.0,96.0
MOCHS,177,57.98211624441133,30.0,13.0,91.0
GOUKS,165,58.02533532041729,36.0,14.0,77.0
TOLTS,165,58.08643815201192,40.0,23.0,90.0
LOUSY,178,58.12369597615499,42.0,17.0,82.0
NOCKS,160,58.18032786885246,50.0,13.0,95.0
BOUKS,167,58.189269746646794,33.0,15.0,79.0
STOWN,135,58.189269746646794,55.0,20.0,102.0
TOLLS,165,58.203427719821164,40.0,23.0,90.0
PONTY,177,58.210134128166914,34.0,14.0,104.0
LOWPS,161,58.22503725782414,40.0,15.0,100.0
HOCUS,174,58.278688524590166,31.0,12.0,96.0
STUNK,158,58.31445603576751,35.0,18.0,98.0
CONFS,168,58.336810730253355,40.0,16.0,95.0
FLOGS,139,58.38301043219076,53.0,14.0,87.0
COOLS,180,58.45156482861401,46.0,20.25,85.0
MOUST,169,58.48435171385991,41.0,12.0,99.0
MOPUS,169,58.4903129657228,39.0,14.0,93.0
COMBS,174,58.4903129657228,34.0,14.0,91.0
SOPHY,193,58.52459016393443,46.0,15.0,83.0
BONKS,157,58.53502235469448,54.0,13.0,97.0
STUMP,162,58.581222056631894,38.0,18.0,96.0
MONTY,167,58.83308494783905,37.0,16.0,107.0
SMOWT,137,58.89865871833085,55.0,25.0,98.0
CLOTH,172,58.93591654247392,34.0,13.0,92.0
SUMPH,174,59.03725782414307,36.0,13.0,90.0
POOLS,179,59.09538002980626,41.0,19.0,101.0
BLOWS,138,59.198211624441136,50.0,18.0,108.0
TOFUS,170,59.2682563338301,37.0,16.0,89.0
SYCON,177,59.34724292101341,39.0,17.0,91.0
SNOOL,152,59.39195230998509,48.0,28.0,75.0
MOCKS,167,59.460506706408346,50.0,11.0,84.0
SMOCK,146,59.46944858420268,41.0,14.0,93.0
SOUPY,193,59.47242921013413,37.0,12.0,92.0
STOWP,146,59.621460506706406,55.0,21.5,102.0
SHTUM,165,59.64977645305514,35.0,15.0,88.0
MOOLS,176,59.698211624441136,45.0,22.0,86.0
HUNKS,184,59.73472429210134,32.0,14.0,72.0
GOLFS,164,59.78688524590164,51.0,16.0,87.0
SNOWY,157,59.79433681073025,52.0,20.0,80.0
SCOWL,150,59.84202682563338,42.0,23.25,108.0
YONKS,177,59.95976154992548,51.0,13.0,89.0
GLOWS,141,59.95976154992548,51.0,17.0,103.0
TOONS,177,59.98211624441133,40.0,21.0,96.0
CLOUT,138,60.04321907600596,50.0,15.0,117.0
PUNGS,181,60.18628912071535,34.0,13.0,78.0
SNOOT,154,60.20864381520119,47.0,19.0,86.0
TYPOS,193,60.299552906110286,36.0,14.0,84.0
FOHNS,172,60.320417287630406,39.0,22.0,96.0
POTSY,184,60.32488822652757,55.0,10.0,80.0
LOOPS,179,60.33233979135618,41.0,19.0,101.0
SOWTH,173,60.523099850968705,31.0,16.0,102.0
HOLOS,184,60.711624441132635,39.0,20.0,102.0
HUMPS,191,60.75111773472429,34.0,13.0,79.0
STUNG,163,60.75558867362146,33.0,18.0,113.0
PUCKS,180,60.95976154992548,38.0,13.0,75.0
SHOCK,155,60.96423248882265,36.0,13.0,97.0
COOTS,190,60.98286140089419,38.0,17.0,98.0
POLOS,179,61.050670640834575,37.0,19.0,101.0
TOUSY,185,61.073025335320416,41.0,15.0,87.0
STUCK,166,61.11922503725783,41.0,19.0,95.0
SOLON,173,61.152011922503725,38.0,22.0,111.0
GHOST,156,61.16542473919523,46.0,16.0,109.0
POOTS,188,61.19672131147541,36.0,19.0,97.0
SHOOL,168,61.26154992548435,43.0,25.0,103.0
POUFS,181,61.34426229508197,37.0,14.0,80.0
YOUKS,184,61.55439642324888,39.0,16.0,89.0
GONKS,168,61.57675111773472,54.0,11.0,91.0
LOOMS,176,61.58345752608048,45.0,31.0,86.0
BOWLS,163,61.70640834575261,48.0,18.0,108.0
SLOOP,168,61.71385991058122,48.0,23.0,108.0
SLOOM,161,61.80998509687034,50.0,27.0,80.0
TOSHY,186,61.8166915052161,41.0,15.0,89.0
SOUGH,185,61.94634873323398,36.0,12.0,106.0
LOCOS,180,62.0096870342772,42.0,20.0,102.0
POUTY,192,62.049180327868854,41.0,13.0,95.0
SPUMY,188,62.14157973174367,47.0,14.75,82.0
PLUSH,185,62.16691505216095,44.0,13.0,86.0
HOCKS,177,62.24441132637854,37.0,13.0,96.0
SHOOT,169,62.27123695976155,47.0,24.0,85.0
POYNT,177,62.29806259314456,41.0,19.0,104.0
MULSH,193,62.3070044709389,51.0,15.0,78.0
SNOTS,154,62.30774962742176,44.0,20.0,109.0
YOMPS,195,62.3532041728763,50.0,13.0,79.0
SOOTY,205,62.364381520119224,52.0,19.0,88.0
GOSHT,183,62.39046199701937,36.0,17.0,99.0
SCOOT,162,62.406110283159464,49.0,26.0,89.0
BONGS,179,62.47391952309985,56.0,14.0,100.0
SPOOT,167,62.49329359165425,53.0,27.0,81.0
YOUTH,184,62.61847988077496,38.0,14.0,99.0
GOWLS,168,62.63189269746647,47.0,16.0,103.0
YOWLS,186,62.63487332339791,44.0,16.25,80.0
UNCOS,172,62.65424739195231,45.0,20.0,105.0
SUCKY,185,62.66467958271237,54.0,15.0,88.0
SHOWY,169,62.745156482861404,53.0,19.0,84.0
SOOTH,197,62.9053651266766,46.0,18.0,97.0
BOCKS,173,63.00298062593144,56.0,14.0,99.0
POULT,198,63.00447093889717,41.0,15.0,80.0
NOLLS,163,63.113263785394935,46.0,25.0,97.0
OULKS,175,63.18777943368107,39.0,16.0,74.0
SPOOL,168,63.195230998509686,47.0,28.0,108.0
MOULT,193,63.22950819672131,37.0,16.0,80.0
SPUNK,167,63.28315946348733,37.0,21.0,103.0
STOOP,167,63.28688524590164,53.0,27.25,81.0
PHONY,178,63.30253353204173,37.0,17.0,107.0
MOOTS,188,63.42026825633383,44.0,21.0,103.0
NUMBS,188,63.49478390461997,45.0,16.0,77.0
LUSHY,198,63.50819672131148,41.0,19.0,85.0
SWOUN,136,63.54992548435171,66.0,20.0,103.0
POWNS,171,63.561847988077496,46.0,16.0,108.0
BUMPS,186,63.65126676602087,43.0,14.0,76.0
HOUFS,185,63.69597615499255,36.0,14.0,91.0
TOCOS,190,63.704918032786885,41.0,21.0,106.0
LOOKS,167,63.78464977645306,49.0,30.5,95.0
SMOOT,160,63.86512667660209,57.0,29.0,90.0
KNOSP,151,63.87332339791356,43.0,22.0,114.0
HOOTS,198,63.91654247391952,38.0,18.25,102.0
SHOWN,159,63.92101341281669,46.0,18.0,114.0
MUNGS,192,63.965722801788374,32.0,14.0,75.0
GUMPS,185,64.04769001490313,42.0,12.0,77.0
TOPOS,188,64.20119225037257,39.0,24.0,106.0
WHOPS,159,64.21460506706408,42.0,16.0,115.0
SLOSH,168,64.29806259314456,50.0,22.0,103.0
BOGUS,183,64.38152011922504,52.0,15.0,89.0
SLUTS,177,64.41356184798808,37.0,21.0,98.0
COLBY,187,64.46944858420268,40.0,15.0,103.0
SLOPS,168,64.6892697466468,55.0,18.0,101.0
CHUBS,193,64.69001490312965,32.0,15.0,98.0
GONYS,201,64.69150521609538,56.0,12.0,89.0
TOOMS,188,64.75409836065573,44.0,25.0,103.0
KOLOS,167,64.87034277198211,44.0,23.0,95.0
PUNTY,209,64.90312965722802,45.0,15.25,88.0
SCOTS,162,64.95901639344262,46.0,24.0,110.0
GOUTY,184,65.0193740685544,43.0,17.0,103.0
BOOLS,184,65.07451564828614,47.0,25.0,109.0
CHUGS,190,65.10581222056632,35.0,14.0,104.0
SLOMO,161,65.15350223546945,53.0,29.0,99.0
FOCUS,183,65.16840536512667,39.0,16.0,96.0
NUTSY,206,65.17287630402384,53.0,13.0,81.0
COWPS,181,65.24292101341281,48.0,17.0,111.0
GOOLS,187,65.24441132637854,50.0,23.0,105.0
CHUMS,194,65.2608047690015,34.0,11.0,92.0
LOFTY,191,65.31743666169896,49.0,16.0,93.0
SPOTS,167,65.4053651266766,39.0,24.0,106.0
GULFS,182,65.42921013412817,47.0,15.25,83.0
TOMOS,188,65.4865871833085,44.0,19.0,103.0
FLOSH,156,65.52757078986588,45.0,18.0,117.0
PLOPS,156,65.5558867362146,54.0,19.0,101.0
MOTHY,180,65.72429210134128,45.0,15.0,111.0
BOULT,192,65.78688524590164,43.0,17.0,84.0
NOBLY,187,65.82861400894188,50.0,15.0,105.0
BUNKS,191,65.84649776453055,41.0,16.0,79.0
KOTOS,174,66.00894187779434,50.0,22.0,100.0
HULKY,182,66.29210134128166,69.0,14.5,89.0
STOOK,152,66.30923994038749,56.0,29.75,95.0
CHOWS,155,66.34426229508196,46.0,15.0,119.0
COLLS,180,66.3628912071535,47.0,22.0,102.0
SHOON,177,66.36512667660209,51.0,27.0,116.0
YUMPS,210,66.39344262295081,47.0,13.0,87.0
YOCKS,195,66.49329359165425,54.0,17.0,97.0
YUFTS,207,66.50968703427719,42.0,17.0,88.0
TOKOS,174,66.53427719821163,53.0,25.75,100.0
BOOTS,192,66.53949329359165,50.0,21.0,100.0
VULNS,175,66.59016393442623,51.0,23.0,79.0
POONS,194,66.66244411326379,43.0,20.0,110.0
BOLOS,184,66.69970193740686,43.0,21.0,110.0
MUHLY,186,66.7391952309985,65.0,15.25,88.0
SHOTS,169,66.74590163934427,47.0,20.0,112.0
GLOUT,146,66.80178837555887,62.0,18.0,132.0
PONCY,197,66.85543964232488,41.0,14.0,104.0
COONS,196,66.8666169895678,50.0,18.0,114.0
TOCKY,180,67.05067064083458,65.0,17.0,106.0
SCOWP,165,67.07898658718331,53.0,26.0,117.0
HOONS,200,67.07898658718331,46.0,26.0,116.0
MUCKS,194,67.08047690014904,39.0,14.0,82.0
POLLS,179,67.16542473919523,50.0,20.0,101.0
STOPS,167,67.22429210134128,63.0,20.0,106.0
SKOOL,159,67.26378539493294,46.0,32.0,104.0
MOLLS,176,67.33830104321908,51.0,22.0,93.0
HUCKS,195,67.40983606557377,33.0,11.0,86.0
NOOPS,194,67.44485842026826,45.0,19.0,110.0
TOHOS,198,67.46050670640835,37.0,22.0,112.0
STONN,154,67.60506706408346,59.0,24.0,110.0
BOTHY,186,67.63487332339791,49.0,16.0,111.0
GUCKS,190,67.68405365126677,44.0,14.5,86.0
NULLS,176,67.7645305514158,55.0,24.0,81.0
SCUFT,182,67.77943368107303,56.0,15.0,103.0
FLUBS,185,67.80923994038749,53.0,18.0,91.0
MONTH,205,67.95529061102832,37.0,18.0,122.5
SNOOP,176,67.98956780923994,51.0,26.0,120.0
MOONS,191,68.02533532041728,49.0,21.0,106.0
SHOTT,169,68.06035767511177,50.0,26.0,105.0
BOSUN,180,68.17287630402384,44.0,17.0,112.0
GOTHY,187,68.25335320417288,52.0,17.0,113.0
SULLY,188,68.37853949329359,56.0,25.0,91.0
LOBOS,184,68.4575260804769,53.0,23.0,110.0
BUNGS,197,68.54396423248882,44.0,15.0,86.0
SPOON,176,68.5521609538003,51.0,31.0,120.0
YOGHS,212,68.55886736214605,44.0,16.0,97.0
KUMYS,211,68.56929955290612,46.0,16.0,74.0
SOULS,191,68.76304023845007,42.0,22.0,116.0
GUNKS,195,68.88524590163935,44.0,12.0,149.0
FLOWS,152,68.9150521609538,54.0,18.0,105.0
MONOS,191,68.91654247391952,58.0,22.0,106.0
LOGOS,187,68.98137108792847,55.0,26.0,105.0
TUSKY,215,68.99403874813711,42.0,17.0,82.0
SNUCK,184,69.05514157973174,43.0,16.0,111.0
KNOWS,141,69.08196721311475,61.0,20.0,110.0
BLUSH,206,69.11475409836065,46.0,15.0,86.0
STOPT,167,69.1602086438152,63.0,18.0,107.0
SKOLS,159,69.17511177347242,45.0,26.0,95.0
PLUOT,210,69.35469448584203,45.0,15.0,89.0
QUOPS,159,69.41728763040238,58.0,22.0,109.0
SOLUS,191,69.49329359165425,38.0,23.0,108.0
KNUBS,191,69.58271236959762,47.0,19.0,88.0
PULUS,188,69.60730253353204,55.0,21.25,93.0
SLOBS,163,69.60879284649776,62.0,23.0,110.0
TUSHY,221,69.6333830104322,49.0,12.0,86.0
MUSTH,219,69.68703427719821,40.0,11.0,126.0
PLONK,188,69.80923994038749,44.5,19.0,102.0
STULL,172,69.85022354694486,57.0,21.0,113.0
GNOWS,160,69.99701937406856,68.0,13.0,116.0
SULFO,198,70.01043219076006,51.0,15.0,91.0
WONKS,166,70.0193740685544,61.0,15.0,110.0
BOYGS,212,70.04619970193741,59.0,13.0,84.0
COOPS,209,70.05290611028316,53.5,18.0,114.0
PULLS,188,70.10432190760059,55.0,22.0,93.0
BUCKS,199,70.14157973174366,48.0,15.0,89.0
VOLKS,167,70.17138599105812,59.0,24.0,93.0
SOUTS,197,70.1892697466468,40.0,16.25,118.0
NOMOS,191,70.22950819672131,58.0,21.0,106.0
HULLS,190,70.32712369597616,57.0,24.0,93.0
POTTS,188,70.3301043219076,54.0,19.0,106.0
SYLPH,216,70.3666169895678,42.0,20.0,87.0
COPSY,209,70.39046199701937,48.0,14.0,128.0
SHUCK,185,70.43070044709388,39.0,13.0,109.0
YUCKS,208,70.4634873323398,45.0,16.75,89.0
COTTS,190,70.47317436661699,54.0,20.0,110.0
MOUSY,203,70.5365126676602,46.0,14.0,103.0
WOLFS,176,70.60059612518629,55.0,20.0,105.0
TOUTS,193,70.6274217585693,49.0,20.0,103.0
TOYOS,215,70.65797317436662,45.0,22.0,93.0
STOUT,150,70.69597615499255,61.0,32.0,104.0
GUSTY,229,70.7064083457526,48.0,14.0,85.0
FONLY,197,70.71385991058122,50.0,18.0,103.0
MULCT,208,70.83159463487333,41.0,17.0,100.0
VLOGS,157,70.84202682563338,62.0,21.0,105.0
HOWKS,176,70.86587183308495,52.0,16.0,111.0
COUNT,206,70.91952309985096,35.0,16.0,145.0
YUKOS,215,71.02980625931446,39.0,21.0,87.0
YOKUL,188,71.05514157973174,66.0,22.0,94.0
SLOGS,172,71.08718330849479,64.0,20.0,105.0
BLOBS,156,71.08718330849479,62.0,25.0,110.0
CULLS,195,71.17362146050671,49.0,21.0,90.0
FOWLS,176,71.18032786885246,55.0,20.0,105.0
PULPS,188,71.2645305514158,59.0,23.0,93.0
PLOUK,169,71.31147540983606,46.0,18.0,122.0
MUSTY,235,71.31594634873323,45.0,13.0,81.0
SOKOL,180,71.38897168405366,48.0,29.0,104.0
HOOPS,215,71.41356184798808,49.0,20.0,117.0
SCOOP,189,71.66691505216096,56.0,31.25,122.0
BUTYL,202,71.68405365126677,61.0,19.0,86.0
HONKY,189,71.69448584202682,46.0,16.0,108.0
LUPUS,188,71.81594634873323,66.0,20.0,93.0
HUMFS,208,71.92101341281669,39.0,15.0,142.0
JOHNS,188,72.06408345752608,55.0,26.0,112.0
SLUSH,179,72.07302533532042,51.0,24.0,118.0
STOBS,159,72.10357675111773,73.0,24.0,115.0
MOUNT,208,72.12071535022355,32.0,16.0,132.0
GYNOS,219,72.1311475409836,41.0,13.0,97.0
SNOWK,155,72.14754098360656,60.0,18.0,121.0
POOHS,215,72.16318926974665,49.0,21.0,117.0
CYTON,195,72.21013412816691,65.0,16.0,99.0
FLUTY,216,72.26229508196721,50.0,18.0,121.0
ZLOTY,189,72.3532041728763,54.0,26.0,110.0
HYPOS,226,72.40238450074516,41.0,17.0,98.0
SYNTH,227,72.44709388971684,44.0,14.0,123.0
MOTTS,188,72.45230998509687,58.0,23.0,103.0
BUNTY,224,72.55737704918033,52.0,15.0,98.0
SHULS,190,72.5886736214605,59.0,24.0,112.0
BLUNT,197,72.61102831594634,49.0,20.0,95.0
LUSTS,226,72.62146050670641,67.0,24.0,120.0
CLOMP,187,72.62295081967213,49.0,21.25,119.0
COWKS,179,72.65722801788375,59.0,14.0,114.0
GUTSY,224,72.67213114754098,49.0,13.0,86.0
FOOLS,194,72.7645305514158,58.0,30.0,107.0
WOMBS,180,72.79284649776453,63.0,21.0,111.0
PLUMY,217,72.90461997019374,44.0,14.0,126.0
BOLLS,184,72.93070044709388,58.0,22.0,110.0
SOTHS,198,73.14083457526081,54.0,18.25,112.0
WHUPS,190,73.2026825633383,38.0,16.0,121.0
GYPOS,219,73.24590163934427,53.0,18.25,97.0
POOKS,196,73.35916542473919,58.0,20.0,107.0
COOMS,210,73.3859910581222,61.0,19.0,111.0
LUMPY,217,73.48882265275708,50.0,14.0,101.0
MULLS,195,73.5171385991058,58.0,23.0,91.0
MOPSY,208,73.54992548435172,59.0,12.0,135.0
WOCKS,179,73.56631892697466,59.0,18.0,114.0
JOLTY,203,73.62891207153503,53.0,19.0,107.0
BUSTY,239,73.86140089418778,45.0,14.0,85.0
LOOFS,194,73.88301043219076,58.0,33.0,107.0
ONCUS,209,73.89865871833085,52.0,17.0,129.0
GOWNS,190,73.92250372578242,57.0,13.0,116.0
PYLON,220,73.92995529061103,53.0,16.0,91.0
TOWSY,194,74.03129657228018,61.0,21.0,148.0
BOUSY,211,74.08941877794337,50.0,15.0,114.0
BOONS,200,74.1117734724292,65.0,20.0,124.0
FUNKS,199,74.2086438152012,44.0,14.0,159.0
FOOTS,204,74.23994038748137,53.5,26.0,115.0
PLONG,193,74.3204172876304,38.0,20.0,116.0
GOWKS,178,74.49478390461996,60.0,16.0,106.0
SHOOK,182,74.54321907600597,53.0,29.0,110.0
LUCKY,208,74.54396423248882,62.0,17.0,94.0
NOOKS,189,74.64381520119225,63.0,23.0,113.0
NOUNS,195,74.73472429210135,53.0,23.0,101.0
NOTCH,212,74.74366616989568,44.0,18.0,141.0
MOOPS,207,74.85991058122205,64.0,17.0,116.0
LUNCH,207,74.8688524590164,55.0,20.0,118.0
POSTS,206,74.88971684053651,63.0,21.0,129.0
SCOPS,189,74.9418777943368,64.0,25.0,122.0
GULPY,224,75.09687034277198,47.0,15.0,102.0
HOMOS,213,75.10953800298063,48.0,18.0,114.0
HOOKS,205,75.15871833084948,52.0,25.0,113.0
SPOOM,187,75.16766020864381,72.0,28.25,117.0
NOOBS,200,75.20715350223547,65.0,27.0,124.0
SOOKY,222,75.33084947839046,79.0,25.0,103.0
SCULS,195,75.41430700447094,54.0,23.0,109.0
SHOPS,193,75.44709388971684,63.0,20.0,117.0
SPOOK,180,75.48733233979135,55.0,33.25,113.0
BOYFS,214,75.5618479880775,70.0,15.0,86.0
GLOBY,192,75.60506706408346,45.0,17.0,160.0
MOOKS,194,75.62295081967213,60.0,24.0,116.0
COSTS,212,75.650521609538,57.0,19.75,117.0
BOTTS,192,75.69970193740686,59.0,25.0,115.0
CLONK,196,75.73770491803279,45.0,18.0,149.0
SNOOK,173,75.84500745156483,65.0,24.0,126.0
CONNS,196,75.90461997019374,59.0,20.0,114.0
UMPHS,191,75.9478390461997,45.0,24.0,123.0
MOCHY,202,76.08196721311475,42.0,19.0,136.0
POMOS,207,76.09388971684054,64.0,18.0,116.0
SONSY,213,76.12444113263786,71.0,20.0,98.0
SLUMS,195,76.13561847988078,56.0,28.0,111.0
SPOSH,193,76.17436661698957,63.0,25.0,112.0
GHOUL,175,76.25186289120715,74.0,19.0,130.0
SULKS,189,76.274217585693,60.0,25.0,102.0
FLOUT,172,76.28464977645305,65.0,19.0,139.0
MOHOS,213,76.52160953800298,48.0,22.0,114.0
CUSPY,245,76.55737704918033,42.0,15.0,103.0
OUPHS,221,76.58569299552906,46.0,21.0,147.0
NOWTY,190,76.63785394932935,54.0,19.0,119.0
PLUTO,233,76.6602086438152,44.0,15.0,123.0
MOUTH,236,76.76005961251863,36.0,15.0,130.0
GOOPS,217,76.8882265275708,65.0,19.0,117.0
WOOLS,198,76.93442622950819,57.0,33.0,126.0
COOST,208,76.99776453055142,57.0,24.0,126.0
BUFOS,215,77.16244411326379,43.0,20.0,153.0
TUMPY,237,77.17287630402384,46.0,15.0,102.0
FUNGS,209,77.23695976154993,45.0,15.0,156.0
CHOKY,207,77.24441132637854,49.0,15.0,141.0
THONG,207,77.2608047690015,49.0,22.0,144.0
JOUKS,189,77.32339791356185,55.0,23.0,157.0
CONKY,201,77.34128166915052,44.0,15.0,132.0
COUTH,236,77.39940387481371,35.0,13.0,142.0
BOSKY,205,77.40834575260804,64.0,14.0,128.0
SCOOG,191,77.44560357675111,59.0,34.0,128.0
PUSHY,243,77.51266766020865,53.0,14.0,105.0
PUTTS,209,77.51862891207153,43.0,21.0,152.0
BOOHS,219,77.5193740685544,61.0,23.0,125.0
GOONS,214,77.54545454545455,70.0,19.0,119.0
COHOS,218,77.64232488822653,48.0,24.0,121.0
SNOBS,173,77.65573770491804,77.0,26.0,124.0
TOWNY,190,77.69001490312965,68.0,19.0,119.0
COMPT,217,77.78539493293592,37.0,18.0,151.0
KYBOS,228,77.81222056631893,46.0,20.0,110.0
MOKOS,194,77.82339791356185,60.0,24.0,101.0
NUTSO,232,77.82563338301043,41.0,16.0,118.0
ZOUKS,192,77.8301043219076,57.5,24.75,154.0
CLOMB,189,77.91803278688525,50.0,22.0,130.0
MOSTS,210,78.16542473919523,70.0,23.0,127.0
FLUSH,217,78.21013412816691,62.0,18.0,108.0
SONNY,213,78.2123695976155,71.0,22.0,98.0
COOKS,208,78.33457526080477,65.0,18.0,118.0
POTCH,229,78.34724292101342,42.0,14.0,140.0
LOCUM,217,78.36512667660209,56.0,20.0,138.0
NOTUM,208,78.41728763040238,57.0,18.0,150.0
CHOUT,176,78.44709388971684,62.0,16.0,159.0
YOOPS,238,78.72503725782414,57.0,21.0,110.0
BULLS,206,78.76825633383011,59.0,25.0,139.0
ZONKS,184,78.8628912071535,70.0,21.0,111.0
SCULL,189,78.86512667660209,61.0,26.0,122.0
POGOS,217,78.97988077496274,65.0,20.25,117.0
HOSTS,217,79.04694485842028,66.0,18.25,130.0
LOUGH,232,79.0909090909091,45.0,18.0,141.0
HOBOS,219,79.12816691505216,52.0,23.0,125.0
UMBOS,214,79.2026825633383,56.0,24.0,139.0
POCKY,220,79.26527570789865,49.0,15.0,126.0
JOUGS,207,79.27868852459017,64.0,22.0,142.0
GULLS,202,79.29433681073026,61.0,20.75,144.0
HUNKY,230,79.30253353204174,51.0,14.0,104.5
STUNS,203,79.32339791356185,58.0,24.0,146.0
FUCKS,209,79.39940387481371,63.0,14.0,156.0
HOOLY,228,79.47317436661699,60.0,28.0,116.0
KNOUT,165,79.47540983606558,59.0,21.5,153.0
HYSON,236,79.4769001490313,58.0,18.0,108.0
TOUCH,236,79.54843517138599,39.0,15.0,142.0
TOUGH,238,79.59761549925484,41.0,20.0,134.0
SOUPS,215,79.70715350223547,53.0,18.0,148.0
JOUST,198,79.71385991058122,63.0,23.0,124.0
YOUNG,212,79.87034277198211,62.0,19.0,128.0
OONTS,238,79.89642324888227,56.0,24.0,122.0
PONGY,224,79.94336810730253,42.0,13.0,131.0
FUSTY,246,79.9865871833085,52.0,17.0,95.0
CHOCS,180,80.04321907600597,63.0,19.0,121.0
PLUNK,214,80.0581222056632,56.0,19.0,148.0
FLUYT,216,80.11922503725782,52.0,23.0,121.0
BULBS,206,80.198956780924,59.0,26.0,139.0
GOOKS,206,80.28241430700447,68.0,19.0,111.0
BUMFS,216,80.29657228017884,60.0,15.0,157.0
COYPU,201,80.36810730253353,61.0,20.0,146.0
BOHOS,219,80.37183308494784,52.0,27.0,125.0
HUSKY,245,80.41430700447094,47.0,18.0,105.0
MOOBS,213,80.42026825633383,77.0,23.0,115.0
SCUTS,213,80.44932935916542,48.0,24.0,140.0
CUSHY,250,80.54098360655738,43.0,15.0,98.0
SUNNY,216,80.66467958271237,62.0,22.0,105.0
BULKY,237,80.6795827123696,54.0,16.0,114.0
LOONY,226,80.71311475409836,69.0,24.0,123.0
BOOMS,213,80.72876304023845,77.0,29.0,115.0
GULPH,230,80.73770491803279,46.0,17.0,136.0
GLOSS,181,80.86214605067065,85.0,22.0,142.0
SLUBS,206,80.87704918032787,66.0,24.0,124.0
BOTCH,219,80.88077496274218,48.0,17.0,149.0
SKOSH,182,80.88077496274218,76.0,24.0,110.0
SMOKO,173,80.92101341281669,84.0,36.5,108.0
COOLY,231,80.9418777943368,58.0,22.0,123.0
FOLKY,216,80.96423248882266,66.0,19.0,138.0
PUTON,241,81.13561847988078,50.0,16.0,134.0
CYMOL,234,81.14307004470939,54.0,17.0,109.0
TOLLY,216,81.22727272727273,67.0,22.0,112.0
THOWL,209,81.26676602086438,72.0,22.0,144.0
STUNT,196,81.34724292101342,66.0,26.0,146.0
SCHMO,221,81.35916542473919,49.0,22.0,146.0
GUYOT,226,81.39791356184799,72.0,21.0,99.0
CLOOT,208,81.4381520119225,68.0,27.0,124.0
HOWFS,202,81.4962742175857,66.0,18.0,144.0
COMBY,212,81.54098360655738,46.0,18.0,154.0
SHUTS,217,81.55961251862891,42.0,19.0,157.0
SCOGS,191,81.56557377049181,90.0,26.0,128.0
SOPHS,218,81.64008941877795,66.0,24.0,138.0
SOUMS,212,81.77272727272727,61.0,27.0,148.0
SYBOW,213,81.80774962742176,73.0,27.0,112.0
JOWLS,188,81.90461997019374,59.0,28.0,153.0
PUNKY,241,81.91207153502235,55.0,16.0,119.0
SNOGS,192,82.01192250372578,83.0,20.0,132.0
BOOKS,204,82.02384500745157,72.0,22.0,118.0
GOTCH,227,82.13263785394933,51.0,21.0,142.0
SWOTS,177,82.17287630402384,80.0,27.0,132.75
JONGS,203,82.22056631892697,70.0,20.0,141.0
SUNUP,204,82.2913561847988,59.0,23.0,155.0
KUTUS,207,82.54396423248882,62.0,28.0,166.0
SHOGS,200,82.55439642324889,83.0,20.0,154.0
SLUGS,202,82.67660208643815,67.0,23.0,131.0
YUPON,234,82.7064083457526,67.0,20.0,104.0
LOSSY,216,82.9478390461997,73.0,23.0,114.0
SOFTS,207,82.9769001490313,76.0,22.0,145.0
COMMS,210,83.0193740685544,71.0,19.0,140.0
MULCH,236,83.06557377049181,55.0,16.0,130.0
SKULL,182,83.17660208643815,65.0,26.0,119.0
JUCOS,224,83.22652757078987,49.0,22.0,147.0
MUTTS,220,83.23323397913562,57.0,21.0,160.0
SOUKS,206,83.2645305514158,66.5,22.0,163.0
HOOTY,233,83.52384500745157,47.0,24.0,143.0
PLOTZ,212,83.52757078986588,61.0,31.0,146.0
BLUBS,206,83.53576751117734,66.0,25.0,139.0
MUSHY,258,83.54545454545455,53.0,14.0,102.0
ONKUS,217,83.56631892697466,53.0,19.0,160.0
SKULK,182,83.56929955290612,65.0,27.0,119.0
HUMPY,245,83.64828614008943,66.0,16.0,115.0
POOFS,220,83.70491803278688,68.0,22.0,119.0
SLOWS,185,83.78464977645305,71.0,27.0,157.0
QOPHS,215,83.91058122205663,65.0,28.0,138.0
SMUTS,220,83.97988077496274,42.0,26.0,160.0
SWUNG,196,84.09239940387481,42.0,25.0,153.0
KONKS,189,84.1080476900149,73.0,23.0,155.0
SMOGS,188,84.12220566318926,91.0,28.0,117.0
SHUNS,223,84.12667660208643,47.0,24.0,146.0
SNUSH,211,84.1274217585693,54.0,26.0,146.0
JOCKS,198,84.17585692995529,70.0,24.0,148.0
COOFS,225,84.24962742175857,72.0,23.0,125.0
BOKOS,204,84.2548435171386,78.0,25.0,118.0
KOBOS,204,84.26751117734725,78.0,28.0,118.0
SLUBB,194,84.31222056631893,65.0,29.0,124.0
KLONG,210,84.36214605067065,52.0,25.0,150.0
GUSTO,257,84.5424739195231,50.0,15.0,130.0
OBOLS,234,84.65275707898658,70.0,31.0,110.0
BOOST,207,84.65871833084948,74.0,26.5,137.0
POMPS,207,84.69597615499255,69.0,21.0,145.0
MUSKY,260,84.81222056631893,46.0,17.0,110.0
BLOWY,211,84.93889716840536,55.0,21.0,145.0
SOPPY,232,84.94336810730253,76.0,26.0,111.0
SYNCH,243,85.02235469448584,54.0,22.0,139.0
MOGUL,225,85.05663189269747,58.0,18.0,147.0
JONTY,206,85.08047690014904,50.0,21.0,145.0
GLUGS,202,85.08569299552906,67.0,23.0,144.0
BUTTS,220,85.14307004470939,56.0,23.0,156.0
HOOFS,230,85.21684053651266,65.0,30.0,125.0
SOYUZ,223,85.24590163934427,63.0,27.0,118.0
BLOCK,212,85.28614008941878,48.0,24.0,157.0
MOMUS,206,85.29284649776453,67.0,23.0,148.0
SPOOF,206,85.31594634873323,81.0,37.0,120.0
ZOBUS,210,85.39046199701937,69.0,26.0,135.0
CLOWN,202,85.43219076005961,63.0,29.0,166.0
GUSHY,259,85.46050670640835,49.0,17.0,107.0
TOFTS,204,85.47317436661699,76.0,27.5,145.0
TOLYL,216,85.5581222056632,71.0,30.0,112.0
CLUMP,230,85.7973174366617,53.0,17.0,155.0
KOTCH,236,86.16840536512667,50.0,18.0,150.0
BUSHY,263,86.1833084947839,53.0,15.0,106.0
MOOLY,240,86.36363636363636,70.0,22.0,124.0
FOUNT,234,86.38002980625932,45.0,18.0,151.0
MUTON,252,86.39940387481371,53.0,19.0,130.0
BULGY,255,86.51415797317436,55.0,14.0,116.0
YTOST,188,86.54172876304024,67.0,35.0,152.0
STOWS,177,86.63487332339791,80.0,38.0,132.75
TOFFS,204,86.65350223546945,76.0,31.0,145.0
JUMPS,222,86.66169895678092,66.0,24.0,162.0
GULCH,241,86.7645305514158,65.0,19.0,142.0
STUMS,220,86.77347242921013,66.0,27.25,160.0
SONGS,219,86.7973174366617,75.0,20.0,148.0
BOYOS,245,86.8666169895678,79.0,23.0,136.0
MOFOS,218,86.97391952309985,87.0,24.25,140.0
COBBS,214,87.04619970193741,67.0,26.0,135.0
OCTYL,225,87.11922503725782,78.0,29.0,112.0
TOSSY,222,87.1274217585693,72.0,26.0,149.0
MOLTO,238,87.15201192250373,56.0,34.0,149.0
COMFY,219,87.17585692995529,76.0,18.0,159.0
SKOGS,185,87.21385991058122,86.0,26.0,170.0
GOBOS,224,87.34202682563338,75.0,24.0,144.0
TOYON,219,87.3666169895678,73.0,27.0,142.0
SOWLS,209,87.4053651266766,63.0,28.0,159.0
WOONS,211,87.51266766020865,73.0,34.0,140.0
UNCOY,212,87.57228017883756,74.0,22.0,143.0
PUNCH,256,87.64828614008943,56.0,18.0,133.0
POUCH,256,87.73472429210135,45.0,13.0,149.0
SCUPS,222,88.10879284649776,64.0,28.0,144.0
LOOPY,254,88.30551415797318,68.0,21.0,136.0
STUBS,220,88.51117734724292,71.0,26.5,156.0
GONGS,214,88.55067064083458,70.0,20.0,148.0
STUMM,209,88.84873323397913,66.0,30.0,160.0
TYMPS,269,88.85991058122205,45.0,18.0,111.0
NONGS,214,88.86438152011922,70.0,20.0,148.0
SWOON,192,88.89493293591654,75.0,32.0,150.0
SOCKS,216,88.92399403874813,73.0,24.0,155.0
GOWFS,207,88.98211624441133,74.0,16.0,154.0
PLUCK,238,88.98509687034277,50.0,17.0,168.0
CLUNG,244,89.06557377049181,49.0,22.0,156.0
SOOLS,231,89.23174366616989,69.0,37.0,128.0
SOCKO,216,89.4113263785395,73.0,25.0,139.0
WULLS,207,89.41952309985096,70.0,32.0,153.0
COCKS,208,89.49105812220566,73.0,22.0,155.0
TOWTS,200,89.54769001490313,77.0,30.0,147.0
NOGGS,214,89.58643815201192,70.0,26.0,148.0
JUNKS,223,89.59910581222057,69.0,20.0,173.0
POWNY,228,89.65126676602087,86.0,19.0,149.0
WOOPS,221,89.73397913561848,74.0,23.0,140.0
THUNK,257,89.74217585692996,49.0,23.0,147.0
FLUKY,247,89.91207153502235,72.0,22.0,142.0
FULLS,218,89.97839046199702,68.0,26.0,161.0
CHOMP,228,90.17436661698957,53.0,18.0,165.0
PUKUS,220,90.17734724292102,73.0,29.0,175.0
LUSKS,251,90.18256333830104,73.0,25.25,153.0
HOGGS,226,90.19001490312965,70.0,26.0,145.0
BUSKY,268,90.19970193740686,55.0,16.0,116.0
HOLLY,228,90.22727272727273,82.0,27.0,121.0
SUMPS,230,90.25037257824143,70.0,19.0,170.0
HOGHS,226,90.27272727272727,70.0,26.0,145.0
CLUNK,248,90.31892697466468,52.0,17.0,161.0
SWOOP,202,90.4806259314456,72.0,36.0,142.0
FOUTH,265,90.49776453055142,42.0,15.0,139.0
TOUZY,220,90.56035767511177,71.0,26.0,138.0
FLOSS,194,90.57749627421758,93.0,28.0,161.0
GLUON,259,90.61847988077496,54.0,15.0,143.0
PUNTO,272,90.8166915052161,57.0,16.0,134.0
BOMBS,213,90.88152011922504,82.0,26.0,149.0
LOOKY,249,90.9612518628912,82.0,22.0,128.0
HUMUS,240,91.15946348733235,68.0,19.0,161.0
HOLON,248,91.20342771982116,60.0,36.0,156.0
SOOTS,233,91.43144560357675,69.5,33.0,136.0
MOUCH,257,91.4381520119225,43.0,16.0,148.0
KHOUM,203,91.49031296572281,54.0,24.0,173.0
MUCUS,237,91.54843517138599,65.0,19.0,159.0
COLLY,231,91.56780923994039,95.0,26.0,133.0
BUNNS,230,91.58345752608048,66.0,22.25,159.0
COUGH,260,91.7913561847988,45.0,16.0,153.0
BUTOH,270,91.81520119225037,54.0,16.0,132.0
SOLOS,231,91.85022354694486,68.0,31.0,163.0
OMBUS,237,91.85543964232488,55.0,22.0,166.0
SOGGY,241,91.87183308494784,74.0,25.0,116.0
SUNKS,229,92.07377049180327,72.0,22.0,177.0
YOOFS,254,92.45827123695976,78.0,40.0,129.0
SMUSH,222,92.48584202682564,94.0,32.0,161.0
SYSOP,243,92.5134128166915,74.0,26.0,126.0
SUBBY,234,92.54619970193741,76.0,36.0,112.0
MUMPS,230,92.75111773472429,70.0,24.0,170.0
PUMPS,230,92.78390461997019,70.0,26.0,170.0
PLUMB,247,92.80625931445604,59.0,20.0,151.0
MUCKY,264,92.85543964232488,69.0,18.0,116.0
GUSTS,275,92.90163934426229,59.0,26.0,155.0
SUMOS,246,92.90760059612519,49.0,22.0,173.0
SUKHS,232,92.95976154992549,72.0,28.0,170.0
BUTCH,263,93.06259314456035,65.0,20.0,128.0
LUFFS,218,93.26005961251863,76.0,27.0,161.0
THUMP,268,93.28017883755588,50.0,16.0,149.0
MUSTS,281,93.28017883755588,57.0,21.0,160.0
BOOTY,243,93.30402384500745,55.0,24.0,164.0
MYTHS,278,93.32637853949329,45.0,18.0,128.0
BOSON,228,93.3666169895678,69.0,28.0,149.0
GOUCH,260,93.41728763040238,47.0,19.0,153.0
UMPTY,237,93.53800298062593,56.0,17.0,190.0
SNUBS,230,93.57302533532042,59.0,31.0,159.0
BLUNK,254,93.62295081967213,61.0,23.0,150.0
TUSKS,263,93.68852459016394,62.0,27.0,166.0
POSHO,237,93.77868852459017,82.0,26.0,136.0
COLON,253,93.80923994038749,65.0,32.0,170.0
SNOWS,192,93.87034277198211,105.0,37.0,157.0
GUCKY,258,93.91207153502235,73.0,21.0,125.0
GOOFS,234,93.93740685543965,87.0,23.0,126.0
MOSKS,224,94.05439642324889,84.0,24.0,161.0
HYMNS,279,94.05961251862891,49.0,19.0,134.0
SUGHS,239,94.08196721311475,70.0,26.0,158.0
GONCH,258,94.10879284649776,46.0,17.0,158.0
GOOLY,256,94.44709388971684,64.0,20.0,145.0
TOOTS,231,94.79955290611028,89.0,39.0,136.0
BUFTY,272,94.80178837555887,60.0,18.0,112.0
WOMYN,215,94.81371087928466,98.0,24.0,147.0
COYLY,231,94.89865871833085,95.0,32.0,133.0
MUTCH,278,94.9284649776453,63.0,17.0,125.0
BOUGH,265,94.93889716840536,48.0,18.0,145.0
SWOPS,202,94.94560357675111,95.0,27.0,171.0
SUGOS,236,95.25260804769002,53.0,30.0,180.0
JOLLS,209,95.3397913561848,73.0,35.0,168.0
TSUBO,272,95.36214605067065,44.0,17.0,126.0
VUGHS,236,95.37853949329359,70.0,33.0,155.0
MUNCH,278,95.3859910581222,65.0,20.0,126.0
SCUMS,237,95.43591654247392,59.0,33.0,159.0
LYNCH,227,95.52906110283159,82.0,25.0,150.0
BLOWN,209,95.56929955290612,76.0,27.0,180.0
CUSPS,287,95.924739195231,66.0,24.0,144.0
FLONG,229,96.17287630402384,66.0,24.0,156.0
CLOOP,249,96.37332339791357,56.0,28.5,178.0
HULLY,240,96.41654247391952,87.0,28.0,119.0
HOTTY,233,96.42399403874813,83.0,24.0,143.0
BUSTS,288,96.44336810730253,62.0,23.0,156.0
SCOWS,201,96.52160953800298,106.0,38.0,157.0
HOKUM,252,96.53204172876303,56.0,27.0,154.0
WOJUS,207,96.55737704918033,75.0,34.0,156.0
COFFS,225,96.63263785394933,78.0,26.0,152.0
GULFY,268,96.68852459016394,85.0,14.0,122.0
FUGLY,268,96.87481371087928,86.0,18.0,122.0
SLUFF,212,96.87704918032787,97.0,31.0,161.0
MOLLY,240,96.93368107302534,82.0,22.0,152.0
SHOWS,204,96.95007451564828,110.0,32.0,172.0
SCUGS,233,96.9575260804769,104.0,33.0,152.0
TUFTS,234,96.98807749627422,77.0,27.75,180.0
LOOBY,258,97.09165424739196,79.0,22.0,145.0
BUNCH,274,97.20715350223547,67.0,23.0,130.0
MOONY,248,97.22876304023845,58.0,28.0,145.0
WONKY,229,97.50223546944858,98.0,21.0,156.0
SCOFF,206,97.59538002980626,95.0,42.0,156.0
SUCKS,238,97.650521609538,68.0,24.0,175.0
SPUGS,228,97.75037257824143,95.0,29.0,170.0
ZOONS,231,97.81818181818181,86.0,37.0,140.0
POLLY,254,97.93517138599105,82.0,21.0,136.0
BUMPY,282,98.12667660208643,57.0,17.0,131.0
TUFFS,234,98.23695976154993,77.0,33.0,180.0
POTTY,244,98.23845007451565,79.0,20.5,149.0
GUNKY,278,98.61251862891207,67.0,14.0,132.0
KUTCH,278,98.67362146050671,59.0,20.0,134.0
FLOCK,242,98.75111773472429,52.0,22.0,166.0
CULLY,255,98.7913561847988,88.0,27.0,116.0
NONYL,226,98.7973174366617,98.0,42.0,126.0
WHOWS,189,98.86065573770492,110.0,36.0,172.0
SNUGS,237,98.89865871833085,100.0,25.0,175.0
THUMB,278,99.47839046199702,58.0,29.0,141.0
COOPT,271,99.6177347242921,67.0,28.0,184.0
UNCUS,221,99.68032786885246,85.0,36.0,157.0
SKUNK,223,100.00074515648286,90.0,28.0,177.0
PULMO,283,100.01043219076006,51.0,16.0,134.0
MOTTY,233,100.06408345752608,83.0,25.0,159.0
SOWPS,228,100.14754098360656,85.0,23.0,168.0
FUTON,274,100.34873323397913,74.0,18.0,148.0
MUGGS,241,100.66840536512667,90.0,26.0,177.0
HUSOS,283,100.68256333830104,72.0,24.0,165.0
STOSS,201,100.69821162444113,117.0,41.0,157.0
TOPPY,244,100.97466467958272,79.0,23.0,149.0
STOTS,201,101.02608047690015,117.0,36.0,157.0
CONTO,255,101.19746646795826,47.0,30.0,196.0
HOOKY,260,101.29210134128166,95.0,30.0,171.0
GOOSY,264,101.4150521609538,73.0,21.0,169.0
SHOOS,230,101.42548435171386,104.0,35.0,148.0
PHOTO,266,101.48509687034277,51.0,31.0,176.0
BOSKS,234,101.52160953800298,101.0,22.0,163.0
HWYLS,275,101.60059612518629,67.0,25.0,142.0
SOWMS,222,101.61549925484351,92.0,33.0,166.0
LOPPY,254,101.66542473919523,82.0,23.0,136.0
CHOLO,258,101.8166915052161,66.0,27.0,178.0
COOMY,257,101.86140089418778,96.0,30.0,147.0
TOMMY,233,101.97540983606558,83.0,23.0,159.0
SMUGS,241,102.04172876304024,109.0,32.0,177.0
BUMPH,288,102.12965722801789,53.0,23.0,126.0
BUNGY,289,102.1892697466468,60.0,15.0,129.0
SWOBS,197,102.40685543964233,107.0,30.0,176.0
FOOTY,261,102.42026825633383,88.0,28.0,165.0
PLOOK,270,102.4418777943368,61.0,30.0,177.0
BOSOM,243,102.58047690014904,89.0,31.0,149.0
MOSSY,249,102.6639344262295,85.0,18.0,151.0
POLYP,254,102.7779433681073,95.0,25.0,136.0
ZULUS,234,102.79210134128166,96.0,38.0,165.0
NOUNY,237,102.82935916542473,99.0,33.0,150.0
LOLLS,220,102.83681073025335,74.0,45.0,174.0
SHOJO,217,103.01192250372578,103.0,45.0,138.0
JOCOS,243,103.02011922503726,83.0,34.0,153.0
KOFFS,209,103.18777943368107,91.0,46.0,183.0
STOTT,201,103.49105812220566,103.0,65.0,157.0
BOOTH,279,103.54098360655738,55.0,31.0,189.0
SKUGS,233,103.69076005961251,106.0,34.0,187.0
NOONS,238,103.85767511177347,96.0,46.0,143.0
FUBSY,291,104.0715350223547,87.0,18.0,117.0
SKOFF,196,104.21460506706408,94.0,36.0,195.0
FUNKY,283,104.26974664679582,71.0,16.0,135.0
BOXTY,243,104.36810730253353,80.0,22.0,164.0
YOLKY,249,104.39120715350224,92.0,29.0,148.0
PUFFS,242,104.39642324888227,89.0,29.0,185.0
POPSY,253,104.40014903129658,83.0,23.0,164.0
PULLY,272,104.49031296572281,86.0,20.0,131.0
LYSOL,272,104.54619970193741,93.0,29.0,124.0
STUFF,226,104.55514157973174,85.0,32.0,180.0
BLOOP,253,104.81967213114754,76.0,32.0,186.0
BHOOT,252,104.82116244411327,67.0,29.0,189.0
WOMBY,240,104.99254843517139,80.0,25.0,173.0
NUFFS,241,105.03427719821163,92.0,40.0,183.0
MOJOS,239,105.04470938897168,102.0,31.0,159.0
CUTTY,273,105.13263785394933,83.0,26.0,119.0
QUOTH,230,105.22354694485843,57.0,30.0,192.0
JOMOS,239,105.23472429210135,102.0,31.0,159.0
SOOPS,259,105.29880774962743,95.5,29.0,147.0
TUNNY,272,105.45007451564828,98.0,27.0,120.0
BOTTY,243,105.49552906110283,81.0,24.0,164.0
KONBU,242,105.49776453055142,45.0,25.0,205.0
ZOOMS,244,105.76974664679582,102.0,44.0,135.0
FUCUS,253,105.77198211624442,95.0,24.0,173.0
BOFFS,227,105.8532041728763,91.0,42.0,166.0
NUTTY,272,106.01639344262296,85.0,30.0,120.0
PULPY,272,106.06631892697466,86.0,26.0,131.0
MUSOS,302,106.28986587183309,70.0,22.0,173.0
KLUTZ,263,106.30402384500745,66.0,42.25,167.0
NOOKY,259,106.30998509687035,99.0,22.0,182.0
SULUS,241,106.40685543964233,94.0,36.0,176.0
SHYLY,265,106.46795827123697,83.0,33.0,142.0
FLUMP,271,106.50819672131148,69.0,19.0,165.0
MOZOS,244,106.51415797317436,102.0,31.0,156.0
HUSKS,296,106.79806259314456,90.0,26.0,170.0
GYMPS,298,106.80923994038749,50.0,20.0,124.0
GOLLY,256,106.87853949329359,83.0,21.0,159.0
FLUNK,278,107.08047690014904,66.0,32.0,161.0
COOKY,269,107.23994038748137,109.0,25.0,176.0
JOOKS,230,107.2779433681073,98.0,50.0,136.0
CHUMP,289,107.36214605067065,57.0,15.0,172.0
GOFFS,234,107.54694485842028,93.0,46.0,170.0
CUFFS,253,107.56110283159464,95.0,35.0,173.0
OUTBY,306,107.58271236959762,64.0,20.0,104.0
PHONO,263,107.6795827123696,74.0,30.0,184.0
HUFFS,254,107.72801788375558,89.0,29.0,179.0
POOPS,252,108.0424739195231,96.0,39.0,147.0
WOOLY,277,108.12816691505216,97.0,27.0,166.0
LYMPH,279,108.14605067064083,66.0,23.0,147.0
FUSTS,298,108.15424739195231,91.0,30.0,180.0
BOSSY,257,108.45156482861401,84.0,17.0,165.0
POULP,281,108.5230998509687,65.0,33.0,174.0
GLOOP,267,108.6177347242921,74.0,27.0,191.0
COLOG,281,108.66691505216096,56.0,33.0,189.0
KOMBU,257,108.69448584202682,61.0,26.0,177.0
ZOOKS,235,108.72950819672131,128.0,50.0,152.0
MYXOS,284,108.74217585692996,77.0,29.0,127.0
SOOMS,256,108.90238450074516,105.0,40.0,144.0
WOOFS,239,109.0424739195231,101.0,54.0,150.0
LULUS,241,109.28912071535022,96.0,37.0,176.0
SNUFF,233,109.38077496274218,101.0,39.0,183.0
COCOS,255,109.71013412816691,85.0,36.0,159.0
CHOON,269,109.76825633383011,67.0,27.0,196.0
LULLS,241,109.85916542473919,96.0,41.0,176.0
UNGOT,266,109.99850968703427,67.0,21.0,193.0
LOBBY,258,110.0171385991058,82.0,25.0,157.0
PUTTY,292,110.1602086438152,74.0,20.0,124.0
GLOOM,261,110.5909090909091,76.0,28.0,180.0
LOGGY,256,110.6833084947839,83.0,22.0,159.0
POBOY,284,110.76229508196721,80.0,28.0,176.0
GOONY,277,110.90760059612519,90.0,21.0,178.0
WOOSH,246,111.07898658718331,112.0,31.0,193.0
BLOOM,261,111.23323397913562,67.0,29.0,177.0
FLOWN,248,111.32488822652758,81.0,30.0,183.0
PUSSY,304,111.39716840536512,92.0,22.0,133.0
JOTUN,254,111.59314456035767,68.0,26.0,205.0
CHUNK,303,111.65275707898658,63.0,17.0,174.0
GOOPY,286,111.76229508196721,84.0,24.0,175.0
WHOMP,253,111.84798807749627,66.0,29.0,201.0
MUSKS,313,112.0134128166915,74.0,22.0,182.0
LUMMY,281,112.04694485842028,93.0,30.0,125.0
COPPY,267,112.12667660208643,96.0,29.75,152.0
SOOKS,251,112.13189269746647,102.0,40.0,164.0
GLYPH,301,112.41877794336811,55.0,24.0,138.0
MUFFS,257,112.42250372578242,88.0,27.0,195.0
HOPPY,265,112.56482861400895,102.0,33.0,155.0
YUCKO,296,112.57078986587183,87.0,20.0,147.0
POYOU,263,112.57451564828614,106.0,32.0,202.0
CHOTT,258,112.75707898658719,53.0,24.0,191.0
KNOLL,250,112.91728763040238,91.0,35.0,182.0
NYLON,285,112.96646795827124,99.0,31.0,123.0
CUSKS,316,113.25335320417288,93.0,22.0,175.0
OUSTS,316,113.43293591654248,83.0,28.0,185.0
BOZOS,253,114.19299552906111,99.0,37.0,176.0
COMMY,257,114.27645305514157,110.0,28.0,178.0
BOYSY,258,114.39940387481371,91.0,31.0,175.0
HUSSY,306,114.45901639344262,76.0,30.0,125.0
POUPT,285,114.6639344262295,101.0,28.0,173.0
GOOKY,281,114.72503725782414,90.0,27.0,191.0
BLOOK,277,114.8166915052161,79.0,30.0,194.0
ZOBOS,253,114.85469448584203,99.0,37.0,176.0
LOGON,287,114.87481371087928,82.0,31.0,187.0
JOWLY,263,114.89120715350224,97.0,26.0,160.0
KOOKS,241,114.97839046199702,132.0,53.0,164.0
SCUFF,245,115.11624441132638,118.0,42.0,173.0
FOWTH,286,115.13859910581222,49.0,25.0,188.0
SOJUS,249,115.39046199701937,133.0,38.0,174.0
JOCKY,256,115.92399403874813,110.0,29.0,172.0
HUSHY,306,116.68777943368107,76.0,30.0,125.0
WHOSO,216,116.9113263785395,123.0,36.0,193.0
GULLY,295,117.0886736214605,99.0,24.25,135.0
FLUNG,299,117.17287630402384,64.0,24.0,173.0
FUGUS,260,117.26751117734725,102.0,37.0,201.0
TOWZY,245,117.77347242921013,99.0,35.0,188.0
BULLY,301,117.91579731743666,91.0,27.0,137.0
GUTTY,298,118.10059612518629,99.0,27.0,129.0
GOOGS,264,118.19001490312965,127.0,64.0,150.0
PUNNY,302,118.47988077496274,80.0,27.0,139.0
BOOBS,259,118.50149031296573,124.0,61.0,153.0
PUBCO,325,118.55886736214605,68.0,18.0,139.0
TUMMY,304,118.63636363636364,101.0,23.0,125.0
OUCHT,325,118.67064083457527,60.0,17.0,141.0
TUTUS,264,118.68628912071534,82.0,41.0,200.0
FOLLY,274,118.74962742175857,101.0,26.0,168.0
BUNCO,324,118.97466467958272,78.0,21.0,146.0
BUFFS,263,119.18032786885246,100.0,38.0,197.0
BONNY,266,119.24664679582712,93.0,24.0,178.0
HOBBY,265,119.34426229508196,101.0,33.0,173.0
GUFFS,260,119.40312965722802,104.0,39.0,201.0
BOOKY,289,119.40760059612519,90.0,26.0,215.0
BOOMY,282,119.59687034277198,81.0,26.0,223.0
MYOPY,259,119.78464977645305,87.0,26.0,194.0
BUSKS,327,119.8360655737705,87.0,25.0,185.0
HOWSO,246,119.86438152011922,121.0,29.0,193.0
COBBY,267,120.33681073025335,98.0,33.0,177.0
MUSSY,325,120.42250372578242,93.0,21.0,131.0
POOCH,320,120.575260804769,65.0,30.0,202.0
BOBOS,259,120.58941877794337,124.0,44.0,186.0
TOFFY,261,120.68181818181819,99.0,27.0,168.0
GOGOS,264,120.75186289120715,127.0,45.0,188.0
WOFUL,283,121.45156482861401,91.0,22.0,203.0
BUTTY,311,121.75633383010432,91.0,25.0,130.0
WOLLY,277,121.94038748137109,105.0,27.0,166.0
POMMY,274,122.06408345752608,96.0,20.0,179.0
CUPPY,301,122.10730253353204,109.0,29.0,146.0
CHOOM,295,122.17362146050671,69.0,26.75,201.0
SOWFS,249,122.24366616989568,131.0,36.0,192.0
COCKY,269,122.3360655737705,115.0,27.0,176.0
POOFY,304,122.3822652757079,103.0,22.0,202.0
NYMPH,307,122.56482861400895,95.0,22.0,154.0
MUMSY,316,122.60059612518629,94.0,21.0,125.0
NOBBY,266,122.64754098360656,93.0,30.0,178.0
MOPPY,274,122.78166915052161,96.0,21.0,179.0
HOTCH,289,122.81967213114754,87.0,29.0,191.0
CUSUM,317,123.4053651266766,85.0,33.0,159.0
OUGHT,328,123.64083457526081,75.0,21.0,133.0
CHOWK,283,124.06557377049181,56.0,18.0,211.0
GUSSY,325,124.08345752608048,93.0,26.0,137.0
CLOCK,274,124.08569299552906,109.0,33.0,196.0
LOWLY,277,124.19299552906111,105.0,27.0,166.0
BOOGY,294,124.2123695976155,100.0,24.0,227.0
ZOOTY,281,124.3338301043219,100.0,39.0,193.0
GOOBY,294,124.40089418777943,100.0,26.0,227.0
TUBBY,311,124.44485842026826,91.0,36.0,130.0
QUONK,241,124.93442622950819,85.0,31.0,222.0
CULCH,302,125.075260804769,98.0,30.0,177.0
STYMY,299,125.2414307004471,117.0,33.0,138.0
CUTUP,313,125.40238450074516,97.0,30.0,161.0
BOPPY,284,125.4441132637854,85.0,21.0,176.0
PHLOX,316,125.56780923994039,79.0,29.0,168.0
SUNNS,274,125.68479880774963,110.0,41.0,204.0
MOOCH,321,125.73099850968704,78.0,36.0,201.0
LUSUS,317,126.07600596125187,103.0,57.0,176.0
MUNTU,328,126.29508196721312,71.0,33.0,151.0
JUSTS,323,126.69374068554396,98.0,37.0,194.0
CONCH,298,126.72652757078987,54.0,36.0,196.0
JUNKY,315,126.9478390461997,114.0,27.0,153.0
OLOGY,402,127.43740685543965,103.0,30.0,175.0
BUNJY,320,127.46646795827124,98.0,26.0,149.0
WHUMP,303,127.47391952309985,86.0,28.0,208.0
PONZU,285,127.89418777943368,67.0,37.0,225.0
SOWFF,249,128.08941877794337,131.0,69.0,192.0
NUMMY,317,128.2645305514158,109.0,37.25,136.0
PUPUS,276,129.1199701937407,113.0,41.0,209.0
MOGGY,272,129.17511177347242,107.0,29.0,202.0
MOONG,317,129.25782414307005,77.0,36.25,205.0
WOOPY,304,129.2667660208644,105.0,30.0,205.0
JUMPY,325,129.39493293591653,97.0,25.0,154.0
WHOOT,293,129.5692995529061,100.0,30.0,231.0
KLOOF,310,129.81222056631893,114.0,32.0,203.0
COGON,317,129.83457526080477,72.0,32.0,218.0
YUZUS,301,129.99552906110284,97.0,56.0,142.0
SYNCS,344,130.12295081967213,81.0,38.0,163.0
YUCCH,300,130.5134128166915,129.0,26.0,159.0
TYPPS,330,130.53204172876303,79.0,37.0,136.0
VOUCH,314,131.02235469448584,68.0,34.0,186.0
FULLY,316,131.03800298062592,109.0,33.0,144.0
WUSSY,311,131.07973174366617,115.0,55.0,154.0
OSMOL,329,131.28092399403874,124.0,39.0,187.0
BUNKO,353,131.32935916542473,60.0,25.0,353.0
CHOUX,241,131.4441132637854,211.0,27.0,225.0
BUSBY,333,131.60506706408347,98.0,25.5,135.0
CYCLO,328,131.71385991058122,116.0,32.0,127.0
HUHUS,287,131.7704918032787,114.0,45.0,199.0
CHOOK,322,132.102086438152,74.0,20.0,215.0
HOOSH,280,132.30029806259316,139.0,38.0,196.0
COOMB,316,132.65871833084947,75.0,41.0,210.0
COUCH,317,132.75782414307005,58.0,30.0,191.0
FUSKS,334,132.7667660208644,112.0,28.0,211.0
VUGHY,311,132.82116244411327,115.0,50.0,150.0
MOBBY,282,132.9150521609538,96.0,28.0,210.0
SHUSH,271,132.95901639344262,141.0,39.0,199.0
NOVUM,293,133.04769001490314,73.0,51.0,197.0
COMPO,314,133.1117734724292,59.0,27.0,210.0
HUBBY,321,133.4575260804769,107.0,49.0,149.0
PLUMP,309,133.49403874813711,78.0,44.0,202.0
HUGGY,316,133.6602086438152,116.0,46.0,152.0
PONGO,319,133.80923994038747,50.0,33.0,214.0
MUNGO,363,133.85394932935915,50.0,23.0,363.0
MUCHO,363,134.13263785394932,63.0,16.0,363.0
CUSSO,354,134.15722801788377,84.0,22.0,159.0
BUNNY,331,134.84649776453054,103.0,30.0,154.0
CLOFF,284,135.01117734724292,110.0,37.0,201.0
CONGO,317,135.11326378539493,51.0,31.0,218.0
TUFTY,327,135.14232488822654,111.0,36.0,138.0
CUBBY,327,135.54918032786884,110.0,33.0,150.0
KUZUS,279,135.7354694485842,107.0,47.0,220.0
COHOG,332,135.81147540983608,68.0,39.0,207.0
SCUZZ,268,135.89716840536514,133.0,50.0,182.0
GOOFY,309,136.0521609538003,117.0,24.0,233.0
THOFT,298,136.2317436661699,80.0,34.0,192.0
JUKUS,276,136.4150521609538,106.0,57.0,227.0
JOLLY,293,136.42548435171386,107.0,39.0,173.0
JUPON,336,136.49478390461996,86.0,28.0,295.25
FUSSY,341,136.5134128166915,105.0,42.0,146.0
BOOFY,308,136.71758569299553,102.0,26.0,237.0
MONGO,317,137.1274217585693,59.0,36.0,205.0
WUSHU,303,137.21385991058122,118.0,51.0,177.0
PSYOP,324,137.28688524590163,112.0,37.0,172.0
KOTOW,301,137.7488822652757,99.0,45.0,241.0
OUZOS,322,138.0290611028316,107.0,41.0,237.0
HOUGH,329,138.14828614008943,63.0,32.0,186.0
JOTTY,278,138.4403874813711,105.0,53.0,191.0
CYSTS,386,138.575260804769,86.0,33.0,320.0
HULLO,338,138.68703427719822,86.0,27.0,338.0
LOTTO,309,138.7622950819672,99.0,64.0,204.0
CUTCH,342,138.79955290611028,102.0,23.0,342.0
NUBBY,331,138.80625931445604,103.0,46.0,154.0
PSYCH,364,138.87779433681072,72.0,23.0,364.0
MUMUS,292,139.21907600596126,109.0,39.5,219.0
OTTOS,305,139.322652757079,117.0,48.0,246.0
HUTCH,342,139.44485842026825,102.0,27.0,342.0
BOGGY,294,139.54545454545453,185.0,28.0,200.0
GOBBY,294,139.61326378539493,185.0,26.0,200.0
CHOKO,322,139.73994038748137,183.0,22.0,215.0
PUGGY,335,139.9128166915052,106.0,27.0,161.0
KUSSO,349,139.95081967213116,92.0,28.0,185.0
JUNTO,355,139.9672131147541,78.0,27.0,355.0
CHOOF,332,140.19746646795826,105.0,31.0,214.0
TYPTO,342,140.22876304023845,85.0,44.0,342.0
BUPPY,338,140.2935916542474,93.0,33.0,338.0
COMBO,316,140.40983606557376,164.0,36.0,204.0
GUPPY,335,140.75186289120717,106.0,32.0,161.0
MOSSO,283,140.83308494783904,165.0,36.0,184.0
GUNNY,342,141.17883755588673,113.0,24.0,342.0
BUCKO,372,141.62444113263786,81.0,23.0,372.0
MUMMS,292,142.03576751117734,109.0,57.0,219.0
GUNGY,342,142.32935916542473,113.0,27.25,342.0
YUCKY,322,142.7973174366617,127.0,35.0,177.0
BOONG,332,142.8263785394933,76.0,32.0,232.0
KUKUS,284,143.55439642324887,107.0,49.0,233.0
HUNCH,350,143.59612518628913,82.0,37.0,350.0
SYPHS,371,144.424739195231,78.0,36.0,163.0
BUBUS,296,144.59165424739194,119.0,62.0,219.0
OMOVS,332,144.59239940387482,129.0,76.0,201.0
SUKUK,274,144.64530551415797,128.0,73.0,233.0
VUGGS,288,145.1467958271237,116.0,76.0,219.0
JUMBY,360,146.29806259314455,98.0,26.0,360.0
WHOOP,326,147.02235469448584,91.0,41.0,245.0
KNOCK,291,147.25260804769002,189.0,37.0,232.0
FUNNY,345,147.2630402384501,121.0,33.0,345.0
LOLLY,308,147.52384500745157,110.0,41.0,179.0
TOTTY,294,147.64381520119224,190.0,57.0,196.0
GUMMY,354,148.06855439642325,112.0,33.0,354.0
CLUCK,338,148.41803278688525,120.0,33.0,338.0
QUOLL,269,148.69448584202684,212.0,48.0,218.0
MUGGY,354,148.79657228017885,112.0,30.25,354.0
HUFFY,342,149.0618479880775,125.0,52.0,342.0
UPBOW,300,149.08941877794337,101.0,65.0,243.0
KOKUM,316,149.57451564828614,170.0,60.0,207.0
UNCUT,311,149.59687034277198,96.0,42.0,256.0
NOHOW,327,150.03353204172876,83.0,52.0,243.0
BONGO,332,150.11698956780924,152.0,33.0,232.0
POTOO,345,150.349478390462,106.0,44.0,241.0
POUFF,344,150.7801788375559,153.0,38.0,344.0
CHOCK,322,151.1818181818182,185.0,32.0,215.0
GUMBO,396,151.98062593144562,59.0,22.0,396.0
PUTTO,375,151.9903129657228,76.0,29.0,375.0
POOVY,338,152.53576751117734,156.0,36.0,223.0
HUMPH,368,152.72503725782414,78.0,25.0,368.0
HOUFF,347,152.94858420268255,161.0,38.0,347.0
HOKKU,321,152.96423248882266,144.0,49.0,232.0
ZYGON,357,153.92399403874813,94.0,49.0,357.0
HOLLO,345,154.0134128166915,95.0,54.0,216.0
GOMBO,333,154.12444113263786,206.0,29.0,214.0
TOOTH,357,154.69374068554396,115.0,49.0,235.0
FOGGY,309,154.93666169895678,194.0,29.0,212.0
PUFFY,358,155.1408345752608,112.0,37.5,358.0
WOOFY,331,155.29806259314455,155.0,32.0,226.0
CUTTO,380,156.75186289120717,73.0,26.0,380.0
OPPOS,320,156.87555886736214,115.0,67.0,274.0
POOPY,344,157.16542473919523,159.0,36.0,226.0
FUNGO,397,158.01490312965723,82.0,21.0,397.0
PLUFF,348,158.57973174366617,125.0,43.0,348.0
GONOF,359,159.01862891207153,191.0,37.0,240.0
JUTTY,356,159.15275707898658,118.0,65.0,356.0
BUGGY,368,159.25409836065575,140.0,30.0,368.0
JUNCO,390,162.1177347242921,87.0,25.0,390.0
VULGO,383,162.5424739195231,126.0,30.25,383.0
VOULU,350,162.55737704918033,135.0,54.0,350.0
SLYLY,338,162.70491803278688,164.0,50.0,338.0
LUVVY,345,163.04918032786884,135.0,73.0,345.0
POTTO,345,163.0730253353204,169.0,44.0,241.0
KOOKY,340,163.575260804769,172.0,54.0,244.0
BUCHU,381,164.18777943368107,133.0,37.0,381.0
VUTTY,364,165.37779433681072,120.0,65.0,364.0
NONNY,315,165.4441132637854,201.0,66.0,209.0
JOKOL,349,165.4612518628912,119.0,66.0,230.0
BOOZY,338,165.8204172876304,205.0,38.0,257.0
OOMPH,450,166.21087928464976,97.0,31.0,307.0
FUFFS,310,166.2280178837556,130.0,94.0,245.0
TUTTY,369,167.8532041728763,153.0,66.0,369.0
POZZY,332,169.01415797317438,205.0,35.0,208.0
JOMON,352,170.5,205.0,54.0,244.0
MOTTO,344,171.225782414307,191.0,46.0,248.0
YUMMO,397,171.3822652757079,105.0,27.0,397.0
FOGOU,363,172.36214605067065,182.0,44.0,276.0
SKYFS,380,172.99180327868854,183.0,41.0,192.0
BOOBY,349,173.45976154992547,224.0,41.0,263.0
OUTGO,419,173.70342771982115,136.0,36.0,392.0
WYNNS,385,174.8591654247392,163.0,32.0,385.0
LOLOG,368,175.77794336810732,188.0,53.0,248.0
FUGGY,385,175.9381520119225,150.0,61.0,385.0
WHOOF,371,176.5521609538003,184.0,47.0,261.0
HUZZY,371,176.7198211624441,155.0,96.0,371.0
BUFFY,392,177.20491803278688,144.0,41.0,392.0
FUBBY,392,177.31371087928466,144.0,55.0,392.0
POPPY,344,177.38971684053652,209.0,46.0,344.0
GHYLL,390,177.51266766020865,156.0,46.0,390.0
BOBOL,357,178.1274217585693,188.0,81.0,248.0
CONVO,364,179.73621460506706,180.0,43.0,349.0
BUXOM,416,179.849478390462,99.0,46.0,416.0
MOMMY,330,179.86065573770492,203.0,42.0,239.0
ZHOMO,351,180.478390461997,227.0,51.0,242.0
THYMY,410,180.65722801788377,139.0,33.0,410.0
KNOWN,324,181.021609538003,205.0,46.0,273.0
CHUCK,399,181.05141579731745,90.0,35.0,399.0
MYTHY,410,182.8532041728763,143.0,39.0,410.0
BLUFF,395,183.6154992548435,132.0,41.0,395.0
GYPPO,415,183.97019374068554,133.0,36.0,415.0
WOOZY,351,184.48956780923993,229.0,75.0,255.0
XYLOL,397,184.85767511177346,138.0,86.0,397.0
COOCH,397,185.04769001490314,200.0,46.0,263.0
UNBOX,374,185.5946348733234,121.0,62.0,374.0
WOOTZ,363,185.7764530551416,185.0,54.0,305.0
NUNNY,389,185.98956780923993,156.0,55.0,389.0
HOOCH,397,186.12220566318928,200.0,50.0,263.0
YOBBO,349,186.76005961251863,224.0,127.0,239.0
BUCKU,422,187.88673621460507,143.0,33.0,422.0
SUSUS,346,188.15350223546946,148.0,96.0,270.0
BUSSU,398,188.2548435171386,143.0,85.0,374.0
JUJUS,336,188.26974664679582,138.0,96.0,317.25
GLOGG,343,190.19821162444114,213.0,56.0,343.0
CHOCO,370,192.58792846497764,227.0,39.0,263.0
BOBBY,349,193.9441132637854,224.0,107.0,349.0
CHUFF,420,194.5350223546945,95.0,34.0,420.0
PUPPY,405,195.99180327868854,163.0,62.0,405.0
YOBBY,349,196.94262295081967,224.0,107.0,349.0
MUZZY,416,198.92921013412817,151.0,59.0,416.0
GONZO,387,200.00670640834576,207.0,38.0,369.0
COMMO,391,201.0037257824143,214.0,38.0,378.0
YUPPY,405,202.18852459016392,163.0,98.0,405.0
JUMBO,462,202.82861400894188,101.0,26.0,462.0
HOWFF,384,204.00447093889716,199.0,54.0,384.0
UNGUM,401,204.49478390461996,99.0,58.0,401.0
GYPSY,454,205.42548435171386,140.0,34.0,454.0
JOCKO,390,205.47019374068554,211.0,49.0,371.0
MUMMY,426,207.69225037257823,154.0,60.0,426.0
UNWON,378,210.6199701937407,303.0,92.0,378.0
BUZZY,428,211.21833084947838,165.0,67.0,428.0
XYSTS,485,212.96199701937408,167.0,56.0,413.0
YUMMY,426,213.05290611028315,154.0,99.0,426.0
VUGGY,423,213.40611028315945,172.0,94.0,423.0
TUKTU,439,214.79508196721312,146.0,83.0,439.0
YUKKY,414,215.349478390462,201.0,102.0,414.0
BUMBO,477,215.35245901639345,107.0,28.0,477.0
BUTUT,452,217.6892697466468,147.0,42.0,452.0
CUFFO,475,219.41654247391952,108.0,30.0,475.0
BOMBO,400,219.75931445603578,248.0,57.0,384.0
BUBBY,439,221.19150521609538,168.0,92.0,439.0
FUZZY,444,229.5461997019374,172.0,100.0,444.0
GOBBO,417,232.59612518628913,293.0,49.0,399.0
FLYBY,497,239.4612518628912,155.0,46.0,497.0
BUFFO,502,240.725782414307,194.0,39.0,502.0
PYGMY,509,240.94187779433682,156.0,67.0,509.0
FUFFY,457,241.96348733233978,194.5,103.0,457.0
JUGUM,501,253.64008941877793,205.0,88.0,501.0
BOFFO,435,255.8107302533532,310.0,56.0,413.0
FLUFF,470,257.5275707898659,282.0,80.0,470.0
CWTCH,547,270.7757078986587,187.0,58.0,547.0
ZOPPO,464,278.4456035767511,326.0,80.0,443.0
ZOCCO,456,279.3725782414307,335.0,78.0,439.0
OVOLO,633,287.5856929955291,238.0,96.0,395.0
COCCO,476,295.12816691505213,343.0,218.0,457.0
HYPHY,572,312.5350223546945,197.0,140.0,572.0
PHPHT,591,313.1974664679583,195.0,76.0,591.0
GYNNY,630,350.65946348733235,245.0,51.0,630.0
GYPPY,633,356.15350223546943,210.5,80.0,633.0
OXBOW,652,367.25260804769,349.0,98.0,652.0
XYLYL,654,405.14307004470936,256.0,211.0,654.0
